time,T_in,v_flow,T_Node 1,T_Node 2,T Pipe 1,m_flow Pipe 1,dT 1_2,T_ambient
0,65.0,2.0,65.0,20.0,20.0,4.326,45.0,20
30,65.0,2.0,65.0,59.30036780728575,59.30036780728576,4.326,5.6996321927142475,20
